{
  "summary": {
    "pre_ms": {
      "n": 3,
      "mean": 13.56910966645349,
      "median": 11.161037999954715,
      "p95": 18.453583199652712,
      "min": 10.282424999786599,
      "max": 19.263865999619156
    },
    "spec_ms": {
      "n": 3,
      "mean": 2790.0585956667783,
      "median": 24.629268999888154,
      "p95": 7491.858583900102,
      "min": 23.995788000320317,
      "max": 8321.550730000126
    },
    "findings_ms": {
      "n": 3,
      "mean": 0.16572699996686424,
      "median": 0.1532950000182609,
      "p95": 0.20714019988190557,
      "min": 0.13076300001557684,
      "max": 0.21312299986675498
    },
    "rag_ms": {
      "n": 3,
      "mean": 3488.116105999931,
      "median": 127.64138400007141,
      "p95": 9315.795834899927,
      "min": 0.005048999810242094,
      "max": 10336.701884999911
    },
    "vlm_ms": {
      "n": 3,
      "mean": 7093.982357333364,
      "median": 5890.067084000293,
      "p95": 9282.090147500094,
      "min": 5732.898388999729,
      "max": 9658.981599000072
    },
    "total_ms": {
      "n": 3,
      "mean": 13385.891895666495,
      "median": 6053.652070000226,
      "p95": 26108.405289699658,
      "min": 5767.312413999662,
      "max": 28336.711202999595
    },
    "n_cases": 3,
    "vlm_model": "Qwen/Qwen2.5-VL-7B-Instruct"
  },
  "timings": [
    {
      "image": "00000099_008.png",
      "pre_ms": 19.263865999619156,
      "spec_ms": 8321.550730000126,
      "findings_ms": 0.21312299986675498,
      "n_above": 3,
      "rag_ms": 10336.701884999911,
      "vlm_ms": 9658.981599000072,
      "vlm_prompt_tokens": 3114,
      "vlm_completion_tokens": 400,
      "total_ms": 28336.711202999595
    },
    {
      "image": "00000744_010.png",
      "pre_ms": 11.161037999954715,
      "spec_ms": 24.629268999888154,
      "findings_ms": 0.1532950000182609,
      "n_above": 3,
      "rag_ms": 127.64138400007141,
      "vlm_ms": 5890.067084000293,
      "vlm_prompt_tokens": 3265,
      "vlm_completion_tokens": 400,
      "total_ms": 6053.652070000226
    },
    {
      "image": "00001826_000.png",
      "pre_ms": 10.282424999786599,
      "spec_ms": 23.995788000320317,
      "findings_ms": 0.13076300001557684,
      "n_above": 0,
      "rag_ms": 0.005048999810242094,
      "vlm_ms": 5732.898388999729,
      "vlm_prompt_tokens": 1553,
      "vlm_completion_tokens": 400,
      "total_ms": 5767.312413999662
    }
  ]
}