{
  "temperature": 0.19791588187217712,
  "thresholds": [
    0.4263215959072113,
    0.4967803955078125,
    0.49218809604644775,
    0.351311057806015,
    0.49578869342803955,
    0.4730486273765564,
    0.4258439540863037,
    0.4436004161834717,
    0.44577082991600037,
    0.5520567893981934,
    0.4987030327320099,
    0.49508678913116455,
    0.581303060054779,
    0.43254271149635315
  ]
}