{
  "summary": {
    "pre_ms": {
      "n": 10,
      "mean": 12.104051500045898,
      "median": 12.123186000280839,
      "p95": 13.350860149898834,
      "min": 10.664977000033105,
      "max": 13.771687999906135
    },
    "spec_ms": {
      "n": 10,
      "mean": 338.9245191000555,
      "median": 22.449955999945814,
      "p95": 1761.9076585501455,
      "min": 21.78887800027951,
      "max": 3182.8485210003237
    },
    "findings_ms": {
      "n": 10,
      "mean": 0.11757219995160995,
      "median": 0.1076030000604078,
      "p95": 0.16381814984924853,
      "min": 0.0942100000429491,
      "max": 0.18814199984262814
    },
    "rag_ms": {
      "n": 10,
      "mean": 655.9347029999572,
      "median": 14.177175499980876,
      "p95": 3537.623768899896,
      "min": 0.0027969999791821465,
      "max": 6324.533599999995
    },
    "vlm_ms": {
      "n": 10,
      "mean": 4984.208500700015,
      "median": 5534.593498499817,
      "p95": 5639.96345035016,
      "min": 2626.2125100001867,
      "max": 5645.635834000132
    },
    "total_ms": {
      "n": 10,
      "mean": 5991.289346500025,
      "median": 5592.498699499856,
      "p95": 10944.30726815,
      "min": 2660.516601000836,
      "max": 15152.015578999908
    },
    "n_cases": 10,
    "vlm_model": "Qwen/Qwen2.5-VL-7B-Instruct"
  },
  "timings": [
    {
      "image": "00000099_008.png",
      "pre_ms": 12.836514999889914,
      "spec_ms": 3182.8485210003237,
      "findings_ms": 0.18814199984262814,
      "n_above": 3,
      "rag_ms": 6324.533599999995,
      "vlm_ms": 5631.608800999857,
      "vlm_prompt_tokens": 3114,
      "vlm_completion_tokens": 400,
      "total_ms": 15152.015578999908
    },
    {
      "image": "00000744_010.png",
      "pre_ms": 11.792115000389458,
      "spec_ms": 25.202159999935247,
      "findings_ms": 0.12721199982479447,
      "n_above": 3,
      "rag_ms": 131.4006419997895,
      "vlm_ms": 5633.030537000195,
      "vlm_prompt_tokens": 3265,
      "vlm_completion_tokens": 400,
      "total_ms": 5801.552666000134
    },
    {
      "image": "00001826_000.png",
      "pre_ms": 10.82483800018963,
      "spec_ms": 23.3644350000759,
      "findings_ms": 0.11143000028823735,
      "n_above": 0,
      "rag_ms": 0.0033880000955832656,
      "vlm_ms": 2626.2125100001867,
      "vlm_prompt_tokens": 1553,
      "vlm_completion_tokens": 186,
      "total_ms": 2660.516601000836
    },
    {
      "image": "00003029_005.png",
      "pre_ms": 11.79193200005102,
      "spec_ms": 22.420555999815406,
      "findings_ms": 0.10554899972703424,
      "n_above": 2,
      "rag_ms": 28.16514999994979,
      "vlm_ms": 5481.736977999844,
      "vlm_prompt_tokens": 2763,
      "vlm_completion_tokens": 392,
      "total_ms": 5544.220164999388
    },
    {
      "image": "00008451_007.png",
      "pre_ms": 10.664977000033105,
      "spec_ms": 22.107252999830962,
      "findings_ms": 0.10787700011860579,
      "n_above": 3,
      "rag_ms": 28.154996000012034,
      "vlm_ms": 5612.773683999876,
      "vlm_prompt_tokens": 3088,
      "vlm_completion_tokens": 400,
      "total_ms": 5673.808786999871
    },
    {
      "image": "00008522_043.png",
      "pre_ms": 12.45425700017222,
      "spec_ms": 22.25252600010208,
      "findings_ms": 0.1073290000022098,
      "n_above": 2,
      "rag_ms": 18.513103000259434,
      "vlm_ms": 5587.450018999789,
      "vlm_prompt_tokens": 2601,
      "vlm_completion_tokens": 400,
      "total_ms": 5640.777234000325
    },
    {
      "image": "00011067_002.png",
      "pre_ms": 11.624247999861836,
      "spec_ms": 21.78887800027951,
      "findings_ms": 0.10327699965273496,
      "n_above": 1,
      "rag_ms": 9.069177000128548,
      "vlm_ms": 4345.163211999989,
      "vlm_prompt_tokens": 2038,
      "vlm_completion_tokens": 310,
      "total_ms": 4387.748791999911
    },
    {
      "image": "00011160_000.png",
      "pre_ms": 12.570129000323504,
      "spec_ms": 24.77065900029629,
      "findings_ms": 0.13408899985734024,
      "n_above": 1,
      "rag_ms": 9.841247999702318,
      "vlm_ms": 4564.409596000132,
      "vlm_prompt_tokens": 2105,
      "vlm_completion_tokens": 323,
      "total_ms": 4611.725721000312
    },
    {
      "image": "00014615_006.png",
      "pre_ms": 13.771687999906135,
      "spec_ms": 22.479356000076223,
      "findings_ms": 0.0942100000429491,
      "n_above": 0,
      "rag_ms": 0.0027969999791821465,
      "vlm_ms": 5645.635834000132,
      "vlm_prompt_tokens": 1553,
      "vlm_completion_tokens": 400,
      "total_ms": 5681.983885000136
    },
    {
      "image": "00022803_000.png",
      "pre_ms": 12.70981599964216,
      "spec_ms": 22.010846999819478,
      "findings_ms": 0.09660700015956536,
      "n_above": 1,
      "rag_ms": 9.662928999659925,
      "vlm_ms": 4714.06383600015,
      "vlm_prompt_tokens": 2135,
      "vlm_completion_tokens": 335,
      "total_ms": 4758.5440349994315
    }
  ]
}